name,Accuracy,Balance Accuracy,F1_score,MCC
EPA_knn_Hmodel,0.6757618710134656,0.6040378813409405,0.6635967726057506,0.48722175519466593
EPA_SVM_Hmodel,0.6771793054571226,0.6060163578985972,0.6657911142543218,0.490029648998071
EPA_RF_Hmodel,0.6789510985116939,0.6210827214386614,0.6697553936690067,0.49533367809896217
EPA_xgboost_Hmodel,0.6757618710134656,0.6135310292523711,0.6660568768883695,0.4893403160486799
