name,Accuracy,Balance Accuracy,F1_score,MCC,AUROC
Toxic_knn_Hmodel,0.79957805907173,0.7912983669381266,0.7987414427823886,0.5874837713275923,0.7912983669381266
Toxic_SVM_Hmodel,0.7946554149085795,0.7854988640383752,0.7935851790250765,0.5769859652549326,0.7854988640383751
Toxic_RF_Hmodel,0.8090717299578059,0.8010685479075177,0.8082884998795127,0.6071004132632591,0.8010685479075176
Toxic_xgboost_Hmodel,0.8016877637130801,0.7942191219110271,0.80105506382791,0.5922063345595926,0.7942191219110271
