name,RMSE,R2,MAE,MSE
LD50_knn_Hmodel,0.537763577077877,0.6413651543178964,0.38337519387793206,0.2891896648315938
LD50_SVM_Hmodel,0.5275977888985869,0.6547961347412393,0.3764338935496567,0.2783594268506779
LD50_RF_Hmodel,0.52973153989392,0.6519982892190139,0.37778791211439544,0.2806155043583837
LD50_xgboost_Hmodel,0.5345099433199271,0.6456917265932912,0.3823484346155755,0.2857008795078716
